,diffusion (m2/s),std,R2
TBA+,1.3073969322437787e-09,5.163285333970929e-14,0.9968903271206436
zinc_1609008,3.367082355163121e-09,1.7629824044045405e-14,0.9999451729774298
BF4-,1.5267271116745931e-09,9.98092037548205e-14,0.9915247619308946
CO2,6.071119310257028e-09,3.759661341307619e-13,0.9923884759121183
